model,reasoning_effort,mean,std,count,se
o3-mini,high,0.6458333333333334,0.4833211052500623,48,0.06976139255528772
o3-mini,medium,0.7708333333333334,0.42474439539379416,48,0.06130657275434798
